지표,Chi-square,p-value,Cramér's V,유의함,원본변수
운영개월등급,311.83638721158707,2.854100351840873e-65,0.06002745506785658,***,가맹점운영개월수
